EMAIL,FIRSTNAME,LASTNAME,WEBSITE
aaa@monocle.com,Monocle,Monocle,https://monocle.com
advertising@monocle.com,Monocle,Monocle,https://monocle.com
akf@monocle.com,Monocle,Monocle,https://monocle.com
amc@monocle.com,Monocle,Monocle,https://monocle.com
ao@monocle.com,Monocle,Monocle,https://monocle.com
as@monocle.com,Monocle,Monocle,https://monocle.com
chambersjch@monocle.com,Monocle,Monocle,https://monocle.com
customerservice@monocle.com,Monocle,Monocle,https://monocle.com
dp@monocle.com,Monocle,Monocle,https://monocle.com
fw@monocle.com,Monocle,Monocle,https://monocle.com
hek@monocle.com,Monocle,Monocle,https://monocle.com
info@jahan.ch,Jahan,Jewellery,https://jahan.ch
jaf@monocle.com,Monocle,Monocle,https://monocle.com
jch@monocle.com,Monocle,Monocle,https://monocle.com
jms@monocle.com,Monocle,Monocle,https://monocle.com
kinghek@monocle.com,Monocle,Monocle,https://monocle.com
klu@monocle.com,Monocle,Monocle,https://monocle.com
lb@monocle.com,Monocle,Monocle,https://monocle.com
lc@monocle.com,Monocle,Monocle,https://monocle.com
marylebone@coxandpower.com,Cox,&amp; Power Jewellers,https://coxandpower.com
mpb@monocle.com,Monocle,Monocle,https://monocle.com
nm@monocle.com,Monocle,Monocle,https://monocle.com
nt@monocle.com,Monocle,Monocle,https://monocle.com
pc@monocle.com,Monocle,Monocle,https://monocle.com
ra@monocle.com,Monocle,Monocle,https://monocle.com
rj@monocle.com,Monocle,Monocle,https://monocle.com
sbu@monocle.com,Monocle,Monocle,https://monocle.com
selim@dlx.co,Monocle,Monocle,https://monocle.com
sg@monocle.com,Monocle,Monocle,https://monocle.com
subscriptions@monocle.com,Monocle,Monocle,https://monocle.com
wilsonfw@monocle.com,Monocle,Monocle,https://monocle.com
